[
{
    "model": "core.rol",
    "pk": 1,
    "fields": {
        "nombre_rol": "Administrador"
    }
},
{
    "model": "core.rol",
    "pk": 2,
    "fields": {
        "nombre_rol": "Usuario"
    }
},
{
    "model": "core.usuario",
    "pk": 1,
    "fields": {
        "rol": 1,
        "nombre_usuario": "admin",
        "email": "admin@crm.com",
        "password_hash": "admin123",
        "activo": true,
        "token_verificacion": null,
        "token_password": "0baaaf71-298f-49ff-9b68-cd0dc2000c66",
        "nuevo_email_pendiente": null,
        "token_cambio_email": null,
        "token_cambio_email_expiracion": null
    }
},
{
    "model": "core.usuario",
    "pk": 2,
    "fields": {
        "rol": 1,
        "nombre_usuario": "paula",
        "email": "pauladiaz0713@gmail.com",
        "password_hash": "12345mpdg.",
        "activo": true,
        "token_verificacion": null,
        "token_password": "",
        "nuevo_email_pendiente": "yury75048@gmail.com",
        "token_cambio_email": "682360",
        "token_cambio_email_expiracion": "2026-06-09T21:03:04.989Z"
    }
},
{
    "model": "core.usuario",
    "pk": 3,
    "fields": {
        "rol": 2,
        "nombre_usuario": "testuser",
        "email": "t@t.com",
        "password_hash": "password123",
        "activo": false,
        "token_verificacion": null,
        "token_password": null,
        "nuevo_email_pendiente": null,
        "token_cambio_email": null,
        "token_cambio_email_expiracion": null
    }
},
{
    "model": "core.usuario",
    "pk": 4,
    "fields": {
        "rol": 2,
        "nombre_usuario": "XXX",
        "email": "XXX@gmail.com",
        "password_hash": "xxx01.38",
        "activo": true,
        "token_verificacion": null,
        "token_password": null,
        "nuevo_email_pendiente": null,
        "token_cambio_email": null,
        "token_cambio_email_expiracion": null
    }
},
{
    "model": "core.usuario",
    "pk": 5,
    "fields": {
        "rol": 1,
        "nombre_usuario": "Jary",
        "email": "lunavale601@gmail.com",
        "password_hash": "LULU0713.",
        "activo": true,
        "token_verificacion": null,
        "token_password": "",
        "nuevo_email_pendiente": null,
        "token_cambio_email": null,
        "token_cambio_email_expiracion": null
    }
},
{
    "model": "core.usuario",
    "pk": 6,
    "fields": {
        "rol": 1,
        "nombre_usuario": "xxx",
        "email": "123@gmail.com",
        "password_hash": "ULMCc2ymLYk5wch",
        "activo": true,
        "token_verificacion": null,
        "token_password": null,
        "nuevo_email_pendiente": null,
        "token_cambio_email": null,
        "token_cambio_email_expiracion": null
    }
},
{
    "model": "core.usuario",
    "pk": 7,
    "fields": {
        "rol": 1,
        "nombre_usuario": "yostiyuste",
        "email": "yostiyuste@gmail.com",
        "password_hash": "yosti26.",
        "activo": true,
        "token_verificacion": null,
        "token_password": "811579",
        "nuevo_email_pendiente": null,
        "token_cambio_email": null,
        "token_cambio_email_expiracion": null
    }
},
{
    "model": "core.usuario",
    "pk": 9,
    "fields": {
        "rol": 2,
        "nombre_usuario": "dsolutions",
        "email": "dsolutions918@gmail.com",
        "password_hash": "hola1234.",
        "activo": true,
        "token_verificacion": "",
        "token_password": "",
        "nuevo_email_pendiente": null,
        "token_cambio_email": null,
        "token_cambio_email_expiracion": null
    }
},
{
    "model": "core.usuario",
    "pk": 10,
    "fields": {
        "rol": 2,
        "nombre_usuario": "maria",
        "email": "mariadiaz10307@gmail.com",
        "password_hash": "blablabla123.",
        "activo": true,
        "token_verificacion": "e9d3146e-f533-444c-8a26-95ac57a1f3b9",
        "token_password": null,
        "nuevo_email_pendiente": null,
        "token_cambio_email": null,
        "token_cambio_email_expiracion": null
    }
},
{
    "model": "core.usuario",
    "pk": 11,
    "fields": {
        "rol": 2,
        "nombre_usuario": "usuario_prueba",
        "email": "usuario@crm.com",
        "password_hash": "usuario123",
        "activo": true,
        "token_verificacion": null,
        "token_password": null,
        "nuevo_email_pendiente": null,
        "token_cambio_email": null,
        "token_cambio_email_expiracion": null
    }
},
{
    "model": "core.tipoidentificacion",
    "pk": 1,
    "fields": {
        "nombre_tipo": "CC"
    }
},
{
    "model": "core.tipoidentificacion",
    "pk": 2,
    "fields": {
        "nombre_tipo": "NIT"
    }
},
{
    "model": "core.tipoidentificacion",
    "pk": 3,
    "fields": {
        "nombre_tipo": "TI"
    }
},
{
    "model": "core.tipoidentificacion",
    "pk": 4,
    "fields": {
        "nombre_tipo": "Pasaporte"
    }
},
{
    "model": "core.tipoidentificacion",
    "pk": 5,
    "fields": {
        "nombre_tipo": "CE"
    }
},
{
    "model": "core.tipocontacto",
    "pk": 1,
    "fields": {
        "nombre_tipo": "Persona Natural"
    }
},
{
    "model": "core.tipocontacto",
    "pk": 2,
    "fields": {
        "nombre_tipo": "Persona Jurídica"
    }
},
{
    "model": "core.tipointeraccion",
    "pk": 1,
    "fields": {
        "nombre_tipo": "Llamada"
    }
},
{
    "model": "core.tipointeraccion",
    "pk": 2,
    "fields": {
        "nombre_tipo": "Correo"
    }
},
{
    "model": "core.tipointeraccion",
    "pk": 3,
    "fields": {
        "nombre_tipo": "Nota"
    }
},
{
    "model": "core.tipointeraccion",
    "pk": 4,
    "fields": {
        "nombre_tipo": "Tarea"
    }
},
{
    "model": "core.tipointeraccion",
    "pk": 5,
    "fields": {
        "nombre_tipo": "Reunión"
    }
},
{
    "model": "core.contacto",
    "pk": 1,
    "fields": {
        "tipo_contacto": 1,
        "tipo_doc": 1,
        "documento_nit": "1101546142",
        "telefono": null,
        "celular": "3227238300",
        "direccion": "arboleda 1",
        "ciudad": "Ibague",
        "correo": "pauladiaz0713@gmail.com",
        "usuario_asignado": 2,
        "nombre": "Maria Paula",
        "apellido": "Diaz Garcia",
        "fecha_expedicion": null,
        "estado_civil": null,
        "razon_social": "",
        "nombre_rep_legal": null,
        "id_rep_legal": null,
        "tipo_proyecto": null,
        "proyecto_nombre": null,
        "torre": null,
        "apartamento": null,
        "tipo_contrato": null,
        "ocupacion": null,
        "otra_ocupacion": null,
        "fecha_nacimiento": null,
        "edad": null,
        "fecha_registro": "2026-03-03T20:00:24.936Z",
        "activo": true,
        "historial_cambios": "[07/04/2026 01:16] Inactivado por yostiyuste\n[07/04/2026 01:16] Reactivado por yostiyuste"
    }
},
{
    "model": "core.contacto",
    "pk": 2,
    "fields": {
        "tipo_contacto": 2,
        "tipo_doc": 3,
        "documento_nit": "1121855420",
        "telefono": null,
        "celular": "313351723",
        "direccion": "Jordan",
        "ciudad": "Ibague",
        "correo": "YR@gmail.com",
        "usuario_asignado": 2,
        "nombre": null,
        "apellido": null,
        "fecha_expedicion": null,
        "estado_civil": null,
        "razon_social": "xxx",
        "nombre_rep_legal": "JR",
        "id_rep_legal": null,
        "tipo_proyecto": null,
        "proyecto_nombre": null,
        "torre": null,
        "apartamento": null,
        "tipo_contrato": null,
        "ocupacion": null,
        "otra_ocupacion": null,
        "fecha_nacimiento": null,
        "edad": null,
        "fecha_registro": "2026-03-06T18:25:12.901Z",
        "activo": true,
        "historial_cambios": "[25/03/2026 18:58] Editado por yostiyuste\n[25/03/2026 19:24] Editado por yostiyuste\n[25/03/2026 19:31] Modificó Celular por yostiyuste\n[27/03/2026 19:31] Inactivado por dsolutions\n[27/03/2026 19:31] Reactivado por yostiyuste\n[06/04/2026 18:00] Inactivado por yostiyuste\n[06/04/2026 18:00] Reactivado por yostiyuste"
    }
},
{
    "model": "core.contacto",
    "pk": 3,
    "fields": {
        "tipo_contacto": 2,
        "tipo_doc": 2,
        "documento_nit": "1110466588",
        "telefono": null,
        "celular": "321458786",
        "direccion": "calle 35 n 5-85 sur",
        "ciudad": "Ibagué",
        "correo": "luminedarling01@gmail.com",
        "usuario_asignado": 5,
        "nombre": null,
        "apellido": null,
        "fecha_expedicion": null,
        "estado_civil": null,
        "razon_social": "roku",
        "nombre_rep_legal": "Elizabeth Leiva Luna",
        "id_rep_legal": null,
        "tipo_proyecto": null,
        "proyecto_nombre": null,
        "torre": null,
        "apartamento": null,
        "tipo_contrato": null,
        "ocupacion": null,
        "otra_ocupacion": null,
        "fecha_nacimiento": null,
        "edad": null,
        "fecha_registro": "2026-03-14T03:06:16.604Z",
        "activo": true,
        "historial_cambios": "[25/03/2026 20:01] Inactivado por yostiyuste\n[25/03/2026 20:01] Reactivado por yostiyuste\n[27/03/2026 20:34] Inactivado por yostiyuste\n[27/03/2026 20:34] Reactivado por yostiyuste\n[27/03/2026 20:37] Inactivado por yostiyuste\n[27/03/2026 20:37] Reactivado por yostiyuste\n[27/03/2026 20:39] Inactivado por yostiyuste\n[27/03/2026 20:39] Reactivado por yostiyuste\n[27/03/2026 20:42] Inactivado por yostiyuste\n[27/03/2026 20:42] Reactivado por yostiyuste"
    }
},
{
    "model": "core.interaccion",
    "pk": 1,
    "fields": {
        "contacto": 1,
        "usuario_responsable": 2,
        "tipo_interaccion": 1,
        "detalle_actividad": "pues ahi vamos ",
        "es_exitosa": false,
        "procede_a_compromiso": false,
        "fecha_interaccion": "2026-03-06T19:25:22.662Z",
        "fecha_actualizacion": "2026-03-14T16:48:17.999Z",
        "tipo_comunicacion": "Saliente",
        "mensaje_id": null,
        "destacado": false,
        "estado": "Finalizada",
        "modalidad": null,
        "asunto": null,
        "fecha_reunion": null,
        "hora_reunion": null,
        "direccion": null,
        "enlace_reunion": null,
        "parent": null,
        "historial_cambios": null,
        "canal_comunicacion": null,
        "duracion_minutos": null,
        "temperatura_emocional": null
    }
},
{
    "model": "core.interaccion",
    "pk": 3,
    "fields": {
        "contacto": 3,
        "usuario_responsable": 5,
        "tipo_interaccion": 1,
        "detalle_actividad": "se realizó una llamada el 20 de enero para xx cosa\r\n",
        "es_exitosa": false,
        "procede_a_compromiso": false,
        "fecha_interaccion": "2026-03-14T03:45:32.896Z",
        "fecha_actualizacion": "2026-03-14T16:48:17.999Z",
        "tipo_comunicacion": "Saliente",
        "mensaje_id": null,
        "destacado": false,
        "estado": "Finalizada",
        "modalidad": null,
        "asunto": null,
        "fecha_reunion": null,
        "hora_reunion": null,
        "direccion": null,
        "enlace_reunion": null,
        "parent": null,
        "historial_cambios": null,
        "canal_comunicacion": null,
        "duracion_minutos": null,
        "temperatura_emocional": null
    }
},
{
    "model": "core.interaccion",
    "pk": 4,
    "fields": {
        "contacto": 3,
        "usuario_responsable": 5,
        "tipo_interaccion": 1,
        "detalle_actividad": "se realizo una llamada para xx cosa el 15 de enero. \r\n",
        "es_exitosa": false,
        "procede_a_compromiso": false,
        "fecha_interaccion": "2026-03-14T03:46:01.493Z",
        "fecha_actualizacion": "2026-03-14T16:48:17.999Z",
        "tipo_comunicacion": "Saliente",
        "mensaje_id": null,
        "destacado": false,
        "estado": "Finalizada",
        "modalidad": null,
        "asunto": null,
        "fecha_reunion": null,
        "hora_reunion": null,
        "direccion": null,
        "enlace_reunion": null,
        "parent": null,
        "historial_cambios": null,
        "canal_comunicacion": null,
        "duracion_minutos": null,
        "temperatura_emocional": null
    }
},
{
    "model": "core.interaccion",
    "pk": 5,
    "fields": {
        "contacto": 3,
        "usuario_responsable": 5,
        "tipo_interaccion": 1,
        "detalle_actividad": "se realizo una llamada el 13 de enero ",
        "es_exitosa": false,
        "procede_a_compromiso": false,
        "fecha_interaccion": "2026-03-14T03:46:46.966Z",
        "fecha_actualizacion": "2026-03-14T16:48:17.999Z",
        "tipo_comunicacion": "Saliente",
        "mensaje_id": null,
        "destacado": false,
        "estado": "Finalizada",
        "modalidad": null,
        "asunto": null,
        "fecha_reunion": null,
        "hora_reunion": null,
        "direccion": null,
        "enlace_reunion": null,
        "parent": null,
        "historial_cambios": null,
        "canal_comunicacion": null,
        "duracion_minutos": null,
        "temperatura_emocional": null
    }
},
{
    "model": "core.interaccion",
    "pk": 7,
    "fields": {
        "contacto": 3,
        "usuario_responsable": 5,
        "tipo_interaccion": 3,
        "detalle_actividad": "Ayer el contacto mencionó que busca una casa con cocina industrial, mas de 5 habitaciones, jardín grande y a las afueras de la ciudad, quiere un estilo moderno. ",
        "es_exitosa": false,
        "procede_a_compromiso": false,
        "fecha_interaccion": "2026-03-14T17:00:23.862Z",
        "fecha_actualizacion": "2026-03-14T17:00:23.862Z",
        "tipo_comunicacion": "Saliente",
        "mensaje_id": null,
        "destacado": false,
        "estado": "Finalizada",
        "modalidad": null,
        "asunto": null,
        "fecha_reunion": null,
        "hora_reunion": null,
        "direccion": null,
        "enlace_reunion": null,
        "parent": null,
        "historial_cambios": null,
        "canal_comunicacion": null,
        "duracion_minutos": null,
        "temperatura_emocional": null
    }
},
{
    "model": "core.interaccion",
    "pk": 8,
    "fields": {
        "contacto": 3,
        "usuario_responsable": 5,
        "tipo_interaccion": 3,
        "detalle_actividad": "El cliente ha cambiado de opinión y desea que la vivienda este ubicada en la ciudad.",
        "es_exitosa": false,
        "procede_a_compromiso": false,
        "fecha_interaccion": "2026-03-14T17:16:05.202Z",
        "fecha_actualizacion": "2026-03-14T17:16:05.202Z",
        "tipo_comunicacion": "Saliente",
        "mensaje_id": null,
        "destacado": false,
        "estado": "Finalizada",
        "modalidad": null,
        "asunto": null,
        "fecha_reunion": null,
        "hora_reunion": null,
        "direccion": null,
        "enlace_reunion": null,
        "parent": null,
        "historial_cambios": null,
        "canal_comunicacion": null,
        "duracion_minutos": null,
        "temperatura_emocional": null
    }
},
{
    "model": "core.interaccion",
    "pk": 35,
    "fields": {
        "contacto": 3,
        "usuario_responsable": 5,
        "tipo_interaccion": 2,
        "detalle_actividad": "Asunto: Notificación de Finalización de la Compra de la Casa\n\nMe dirijo a usted para informarle que la compra de la casa ubicada en calle 254 N 79 - 52, ha sido completada con éxito. Quiero expresar mi agradecimiento por su colaboración y apoyo durante todo el proceso.\r\n\r\nLa transacción se ha llevado a cabo de acuerdo con los términos y condiciones establecidos en el contrato de compraventa, y la propiedad ha sido transferida a mi nombre.\r\n\r\nA continuación, se detallan los aspectos importantes de la finalización de la compra:\r\n\r\n- Fecha de finalización: 26 de marzo del 2026\r\n- Precio de venta: 36'000.000\r\n- Dirección de la casa: calle 254 N 79 - 52\r\n\r\nQuiero agradecerle nuevamente por su paciencia y profesionalismo durante todo el proceso. Si necesita cualquier información adicional o tiene alguna pregunta, no dude en hacérmelo saber.\r\n\r\nAtentamente Jary Luna.",
        "es_exitosa": false,
        "procede_a_compromiso": false,
        "fecha_interaccion": "2026-03-15T03:41:20.795Z",
        "fecha_actualizacion": "2026-03-15T03:52:28.655Z",
        "tipo_comunicacion": "Saliente",
        "mensaje_id": null,
        "destacado": true,
        "estado": "Finalizada",
        "modalidad": null,
        "asunto": null,
        "fecha_reunion": null,
        "hora_reunion": null,
        "direccion": null,
        "enlace_reunion": null,
        "parent": null,
        "historial_cambios": null,
        "canal_comunicacion": null,
        "duracion_minutos": null,
        "temperatura_emocional": null
    }
},
{
    "model": "core.interaccion",
    "pk": 42,
    "fields": {
        "contacto": 3,
        "usuario_responsable": 5,
        "tipo_interaccion": 2,
        "detalle_actividad": "Asunto: Re: Notificación de Finalización de la Compra de la Casa\n\nGracias por la notificación.\r\n",
        "es_exitosa": false,
        "procede_a_compromiso": false,
        "fecha_interaccion": "2026-03-15T03:43:19.981Z",
        "fecha_actualizacion": "2026-03-15T03:52:23.050Z",
        "tipo_comunicacion": "Entrante",
        "mensaje_id": "<CAKzhMD5EXreu+88ZOtoro69p84-2vMg_m7zxcWj32WqQwGiiyA@mail.gmail.com>",
        "destacado": true,
        "estado": "Finalizada",
        "modalidad": null,
        "asunto": null,
        "fecha_reunion": null,
        "hora_reunion": null,
        "direccion": null,
        "enlace_reunion": null,
        "parent": null,
        "historial_cambios": null,
        "canal_comunicacion": null,
        "duracion_minutos": null,
        "temperatura_emocional": null
    }
},
{
    "model": "core.interaccion",
    "pk": 43,
    "fields": {
        "contacto": 3,
        "usuario_responsable": 5,
        "tipo_interaccion": 5,
        "detalle_actividad": "njijoknbhjhijoklm,",
        "es_exitosa": false,
        "procede_a_compromiso": false,
        "fecha_interaccion": "2026-03-16T05:30:04.659Z",
        "fecha_actualizacion": "2026-03-16T05:51:31.869Z",
        "tipo_comunicacion": "Saliente",
        "mensaje_id": null,
        "destacado": false,
        "estado": "Finalizada",
        "modalidad": "Virtual",
        "asunto": "Aclaraciones del contrato ",
        "fecha_reunion": "2026-03-24",
        "hora_reunion": "14:26:00",
        "direccion": null,
        "enlace_reunion": null,
        "parent": null,
        "historial_cambios": null,
        "canal_comunicacion": null,
        "duracion_minutos": null,
        "temperatura_emocional": null
    }
},
{
    "model": "core.interaccion",
    "pk": 44,
    "fields": {
        "contacto": 3,
        "usuario_responsable": 5,
        "tipo_interaccion": 5,
        "detalle_actividad": "jhuxgyedwgyfbkjds\n\n[CANCELADA] Motivo: el cliente no tiene disponibilidad.",
        "es_exitosa": false,
        "procede_a_compromiso": false,
        "fecha_interaccion": "2026-03-16T05:45:36.572Z",
        "fecha_actualizacion": "2026-03-16T05:50:33.776Z",
        "tipo_comunicacion": "Saliente",
        "mensaje_id": null,
        "destacado": false,
        "estado": "Cancelada",
        "modalidad": "Presencial",
        "asunto": " Firma de papeles, ",
        "fecha_reunion": "2026-03-26",
        "hora_reunion": "15:24:00",
        "direccion": "calle 35 n 5-85 sur",
        "enlace_reunion": null,
        "parent": null,
        "historial_cambios": null,
        "canal_comunicacion": null,
        "duracion_minutos": null,
        "temperatura_emocional": null
    }
},
{
    "model": "core.interaccion",
    "pk": 45,
    "fields": {
        "contacto": 3,
        "usuario_responsable": 5,
        "tipo_interaccion": 5,
        "detalle_actividad": "wiuehdncxñoiguhvbjklm ",
        "es_exitosa": false,
        "procede_a_compromiso": false,
        "fecha_interaccion": "2026-03-16T05:51:26.154Z",
        "fecha_actualizacion": "2026-03-18T01:23:01.507Z",
        "tipo_comunicacion": "Saliente",
        "mensaje_id": null,
        "destacado": false,
        "estado": "Programada",
        "modalidad": "Presencial",
        "asunto": "oaiwuhedb",
        "fecha_reunion": "2026-03-19",
        "hora_reunion": "18:00:00",
        "direccion": "Arboleda",
        "enlace_reunion": null,
        "parent": null,
        "historial_cambios": "[16/03/2026 17:41] Editada por Jary\n[16/03/2026 17:57] Editada por Jary\n[18/03/2026 01:23] Editada por dsolutions",
        "canal_comunicacion": null,
        "duracion_minutos": null,
        "temperatura_emocional": null
    }
},
{
    "model": "core.interaccion",
    "pk": 46,
    "fields": {
        "contacto": 3,
        "usuario_responsable": 5,
        "tipo_interaccion": 5,
        "detalle_actividad": "jhgfdc mjujn  hgt5rfgbj\n\n[CANCELADA] Motivo: mkiuytfghjk",
        "es_exitosa": false,
        "procede_a_compromiso": false,
        "fecha_interaccion": "2026-03-16T06:15:38.345Z",
        "fecha_actualizacion": "2026-03-16T17:41:14.109Z",
        "tipo_comunicacion": "Saliente",
        "mensaje_id": null,
        "destacado": false,
        "estado": "Cancelada",
        "modalidad": "Presencial",
        "asunto": "5625155",
        "fecha_reunion": "2026-03-18",
        "hora_reunion": "16:15:00",
        "direccion": "iouiy6turyfvnbmnm",
        "enlace_reunion": null,
        "parent": null,
        "historial_cambios": "[16/03/2026 06:15] Programada por Jary\n[16/03/2026 06:16] Editada por Jary\n[16/03/2026 17:41] Cancelada por Jary",
        "canal_comunicacion": null,
        "duracion_minutos": null,
        "temperatura_emocional": null
    }
},
{
    "model": "core.interaccion",
    "pk": 47,
    "fields": {
        "contacto": 3,
        "usuario_responsable": 5,
        "tipo_interaccion": 2,
        "detalle_actividad": "Asunto: poqsjwdegvdhsioi\n\nwlmjvfdijckvlpaenifoplaqsdfijfdkalw´sde",
        "es_exitosa": false,
        "procede_a_compromiso": false,
        "fecha_interaccion": "2026-03-16T17:39:59.272Z",
        "fecha_actualizacion": "2026-03-16T17:39:59.272Z",
        "tipo_comunicacion": "Saliente",
        "mensaje_id": null,
        "destacado": false,
        "estado": "Finalizada",
        "modalidad": "",
        "asunto": "poqsjwdegvdhsioi",
        "fecha_reunion": null,
        "hora_reunion": null,
        "direccion": null,
        "enlace_reunion": null,
        "parent": null,
        "historial_cambios": null,
        "canal_comunicacion": null,
        "duracion_minutos": null,
        "temperatura_emocional": null
    }
},
{
    "model": "core.interaccion",
    "pk": 49,
    "fields": {
        "contacto": 3,
        "usuario_responsable": 5,
        "tipo_interaccion": 2,
        "detalle_actividad": "Asunto: Re: no se\n\nMuchas gracias por la confirmación, estaré puntual el día de la reunión.\r\n\r\nEl sáb, 14 de mar de 2026, 9:16 p.m., <lunavale601@gmail.com> escribió:\r\n\r\n> hola hucbeh\r\n>\r\n> fgchkhorv  hjbecuewbcn\r\n>\r\n> jhcechhufo\r\n>\r\n",
        "es_exitosa": false,
        "procede_a_compromiso": false,
        "fecha_interaccion": "2026-03-16T17:44:39.616Z",
        "fecha_actualizacion": "2026-03-16T17:44:39.616Z",
        "tipo_comunicacion": "Entrante",
        "mensaje_id": "<CAKzhMD465J_HJR-U5sN-G17-4bqXiBV=HW=Tqd0_zbjGDHLOzw@mail.gmail.com>",
        "destacado": false,
        "estado": "Finalizada",
        "modalidad": null,
        "asunto": null,
        "fecha_reunion": null,
        "hora_reunion": null,
        "direccion": null,
        "enlace_reunion": null,
        "parent": null,
        "historial_cambios": null,
        "canal_comunicacion": null,
        "duracion_minutos": null,
        "temperatura_emocional": null
    }
},
{
    "model": "core.interaccion",
    "pk": 51,
    "fields": {
        "contacto": 3,
        "usuario_responsable": 5,
        "tipo_interaccion": 2,
        "detalle_actividad": "Asunto: Re: Firma de papeles, finalización de compra.\n\nDe acuerdo.\r\n",
        "es_exitosa": false,
        "procede_a_compromiso": false,
        "fecha_interaccion": "2026-03-16T17:44:40.217Z",
        "fecha_actualizacion": "2026-03-16T17:44:40.217Z",
        "tipo_comunicacion": "Entrante",
        "mensaje_id": "<CAKzhMD4WWjmTvbKiaEUDtmUDbQpiTGeLge1CTUw1uj8XcT9bWg@mail.gmail.com>",
        "destacado": false,
        "estado": "Finalizada",
        "modalidad": null,
        "asunto": null,
        "fecha_reunion": null,
        "hora_reunion": null,
        "direccion": null,
        "enlace_reunion": null,
        "parent": null,
        "historial_cambios": null,
        "canal_comunicacion": null,
        "duracion_minutos": null,
        "temperatura_emocional": null
    }
},
{
    "model": "core.interaccion",
    "pk": 52,
    "fields": {
        "contacto": 3,
        "usuario_responsable": 7,
        "tipo_interaccion": 3,
        "detalle_actividad": "el cliente ya no desea el servicio",
        "es_exitosa": false,
        "procede_a_compromiso": false,
        "fecha_interaccion": "2026-03-18T00:43:01.282Z",
        "fecha_actualizacion": "2026-03-18T00:43:01.282Z",
        "tipo_comunicacion": "Saliente",
        "mensaje_id": null,
        "destacado": false,
        "estado": "Finalizada",
        "modalidad": "",
        "asunto": null,
        "fecha_reunion": null,
        "hora_reunion": null,
        "direccion": null,
        "enlace_reunion": null,
        "parent": null,
        "historial_cambios": null,
        "canal_comunicacion": null,
        "duracion_minutos": null,
        "temperatura_emocional": null
    }
},
{
    "model": "core.interaccion",
    "pk": 53,
    "fields": {
        "contacto": 3,
        "usuario_responsable": 7,
        "tipo_interaccion": 5,
        "detalle_actividad": "hablar con el cliente sobre el proyecto que desea",
        "es_exitosa": false,
        "procede_a_compromiso": false,
        "fecha_interaccion": "2026-03-18T00:45:21.648Z",
        "fecha_actualizacion": "2026-03-18T00:45:55.286Z",
        "tipo_comunicacion": "Saliente",
        "mensaje_id": null,
        "destacado": false,
        "estado": "Programada",
        "modalidad": "Presencial",
        "asunto": "aclarar el proyecto",
        "fecha_reunion": "2026-03-17",
        "hora_reunion": "09:30:00",
        "direccion": "Cra 13 casa 5a-29 20 de Julio",
        "enlace_reunion": null,
        "parent": null,
        "historial_cambios": "[18/03/2026 00:45] Programada por yostiyuste\n[18/03/2026 00:45] Editada por yostiyuste",
        "canal_comunicacion": null,
        "duracion_minutos": null,
        "temperatura_emocional": null
    }
},
{
    "model": "core.interaccion",
    "pk": 54,
    "fields": {
        "contacto": 3,
        "usuario_responsable": 9,
        "tipo_interaccion": 2,
        "detalle_actividad": "Asunto: aclarar el proyecto\n\njhgfdsdfv vhuyv ,n",
        "es_exitosa": false,
        "procede_a_compromiso": false,
        "fecha_interaccion": "2026-03-20T20:28:44.508Z",
        "fecha_actualizacion": null,
        "tipo_comunicacion": "Saliente",
        "mensaje_id": null,
        "destacado": false,
        "estado": "Finalizada",
        "modalidad": "",
        "asunto": "aclarar el proyecto",
        "fecha_reunion": null,
        "hora_reunion": null,
        "direccion": null,
        "enlace_reunion": null,
        "parent": null,
        "historial_cambios": null,
        "canal_comunicacion": null,
        "duracion_minutos": null,
        "temperatura_emocional": null
    }
},
{
    "model": "core.interaccion",
    "pk": 55,
    "fields": {
        "contacto": 1,
        "usuario_responsable": 7,
        "tipo_interaccion": 3,
        "detalle_actividad": "bgfffffff",
        "es_exitosa": false,
        "procede_a_compromiso": false,
        "fecha_interaccion": "2026-03-24T20:16:50.073Z",
        "fecha_actualizacion": null,
        "tipo_comunicacion": "Saliente",
        "mensaje_id": null,
        "destacado": false,
        "estado": "Finalizada",
        "modalidad": "",
        "asunto": null,
        "fecha_reunion": null,
        "hora_reunion": null,
        "direccion": null,
        "enlace_reunion": null,
        "parent": null,
        "historial_cambios": null,
        "canal_comunicacion": null,
        "duracion_minutos": null,
        "temperatura_emocional": null
    }
},
{
    "model": "core.interaccion",
    "pk": 56,
    "fields": {
        "contacto": 3,
        "usuario_responsable": 2,
        "tipo_interaccion": 2,
        "detalle_actividad": "interacción suelta. Asunto: Re: Venta de casa.\n\nEstoy interesado, Gracias.\r\n\r\nEl mié, 15 de abr de 2026, 10:46 p.m., <dsolutions918@gmail.com> escribió:\r\n\r\n> Queremos darle a conocer uno de nuestros más recientes proyectos.\r\n>\r\n",
        "es_exitosa": false,
        "procede_a_compromiso": false,
        "fecha_interaccion": "2026-04-16T03:50:10Z",
        "fecha_actualizacion": "2026-06-09T21:22:01.020Z",
        "tipo_comunicacion": "Entrante",
        "mensaje_id": "CAKzhMD4uyPFXQA6kjpbJTKcVNMNvUM=sXE1Vj6H-WE8OgjxzfA@mail.gmail.com",
        "destacado": false,
        "estado": "Finalizada",
        "modalidad": null,
        "asunto": null,
        "fecha_reunion": null,
        "hora_reunion": null,
        "direccion": null,
        "enlace_reunion": null,
        "parent": null,
        "historial_cambios": "[09/06/2026 16:22] Sincronizada automáticamente vía IMAP (Entrante)",
        "canal_comunicacion": 2,
        "duracion_minutos": 1,
        "temperatura_emocional": 3
    }
},
{
    "model": "core.interaccion",
    "pk": 57,
    "fields": {
        "contacto": 3,
        "usuario_responsable": 2,
        "tipo_interaccion": 2,
        "detalle_actividad": "interacción suelta. Asunto: Re: tata\n\nCómo estás?\r\n\r\nEl jue, 16 de abr de 2026, 10:07 p.m., <dsolutions918@gmail.com> escribió:\r\n\r\n> holis\r\n>\r\n",
        "es_exitosa": false,
        "procede_a_compromiso": false,
        "fecha_interaccion": "2026-04-17T03:08:09Z",
        "fecha_actualizacion": "2026-06-09T21:22:01.400Z",
        "tipo_comunicacion": "Entrante",
        "mensaje_id": "CAKzhMD6ofACwr2q+sFFAcuqYXv-xh7MG3HtA=DdSc8kb=rO8Tg@mail.gmail.com",
        "destacado": false,
        "estado": "Finalizada",
        "modalidad": null,
        "asunto": null,
        "fecha_reunion": null,
        "hora_reunion": null,
        "direccion": null,
        "enlace_reunion": null,
        "parent": null,
        "historial_cambios": "[09/06/2026 16:22] Sincronizada automáticamente vía IMAP (Entrante)",
        "canal_comunicacion": 2,
        "duracion_minutos": 1,
        "temperatura_emocional": 3
    }
},
{
    "model": "core.interaccion",
    "pk": 58,
    "fields": {
        "contacto": 3,
        "usuario_responsable": 2,
        "tipo_interaccion": 2,
        "detalle_actividad": "interacción suelta. Asunto: Venta de casa. \n\nQueremos darle a conocer uno de nuestros más recientes proyectos.\r\n",
        "es_exitosa": false,
        "procede_a_compromiso": false,
        "fecha_interaccion": "2026-04-16T03:46:56Z",
        "fecha_actualizacion": "2026-06-09T21:22:02.346Z",
        "tipo_comunicacion": "Saliente",
        "mensaje_id": "177631121645.23612.15881344916196330401@LAPTOP-1JM621Q7.bbrouter",
        "destacado": false,
        "estado": "Finalizada",
        "modalidad": null,
        "asunto": null,
        "fecha_reunion": null,
        "hora_reunion": null,
        "direccion": null,
        "enlace_reunion": null,
        "parent": null,
        "historial_cambios": "[09/06/2026 16:22] Sincronizada automáticamente vía IMAP (Saliente)",
        "canal_comunicacion": 2,
        "duracion_minutos": 1,
        "temperatura_emocional": 3
    }
},
{
    "model": "core.interaccion",
    "pk": 59,
    "fields": {
        "contacto": 3,
        "usuario_responsable": 2,
        "tipo_interaccion": 2,
        "detalle_actividad": "interacción suelta. Asunto: 2457\n\njfjdbvf  ucjcvbrfb \r\n",
        "es_exitosa": false,
        "procede_a_compromiso": false,
        "fecha_interaccion": "2026-04-17T03:05:32Z",
        "fecha_actualizacion": "2026-06-09T21:22:02.540Z",
        "tipo_comunicacion": "Saliente",
        "mensaje_id": "177639513280.18024.4175422161367246866@LAPTOP-1JM621Q7.bbrouter",
        "destacado": false,
        "estado": "Finalizada",
        "modalidad": null,
        "asunto": null,
        "fecha_reunion": null,
        "hora_reunion": null,
        "direccion": null,
        "enlace_reunion": null,
        "parent": null,
        "historial_cambios": "[09/06/2026 16:22] Sincronizada automáticamente vía IMAP (Saliente)",
        "canal_comunicacion": 2,
        "duracion_minutos": 1,
        "temperatura_emocional": 3
    }
},
{
    "model": "core.interaccion",
    "pk": 60,
    "fields": {
        "contacto": 3,
        "usuario_responsable": 2,
        "tipo_interaccion": 2,
        "detalle_actividad": "interacción suelta. Asunto: 2457\n\njfjdbvf  ucjcvbrfb \r\n",
        "es_exitosa": false,
        "procede_a_compromiso": false,
        "fecha_interaccion": "2026-04-17T03:05:33Z",
        "fecha_actualizacion": "2026-06-09T21:22:02.758Z",
        "tipo_comunicacion": "Saliente",
        "mensaje_id": "177639513393.18024.2121552298091435986@LAPTOP-1JM621Q7.bbrouter",
        "destacado": false,
        "estado": "Finalizada",
        "modalidad": null,
        "asunto": null,
        "fecha_reunion": null,
        "hora_reunion": null,
        "direccion": null,
        "enlace_reunion": null,
        "parent": null,
        "historial_cambios": "[09/06/2026 16:22] Sincronizada automáticamente vía IMAP (Saliente)",
        "canal_comunicacion": 2,
        "duracion_minutos": 1,
        "temperatura_emocional": 3
    }
},
{
    "model": "core.interaccion",
    "pk": 61,
    "fields": {
        "contacto": 3,
        "usuario_responsable": 2,
        "tipo_interaccion": 2,
        "detalle_actividad": "interacción suelta. Asunto: tata\n\nholis\r\n",
        "es_exitosa": false,
        "procede_a_compromiso": false,
        "fecha_interaccion": "2026-04-17T03:07:46Z",
        "fecha_actualizacion": "2026-06-09T21:22:03.182Z",
        "tipo_comunicacion": "Saliente",
        "mensaje_id": "177639526622.18024.4350319363984515895@LAPTOP-1JM621Q7.bbrouter",
        "destacado": false,
        "estado": "Finalizada",
        "modalidad": null,
        "asunto": null,
        "fecha_reunion": null,
        "hora_reunion": null,
        "direccion": null,
        "enlace_reunion": null,
        "parent": null,
        "historial_cambios": "[09/06/2026 16:22] Sincronizada automáticamente vía IMAP (Saliente)",
        "canal_comunicacion": 2,
        "duracion_minutos": 1,
        "temperatura_emocional": 3
    }
},
{
    "model": "core.interaccion",
    "pk": 62,
    "fields": {
        "contacto": 3,
        "usuario_responsable": 2,
        "tipo_interaccion": 2,
        "detalle_actividad": "interacción suelta. Asunto: tata\n\nholis\r\n",
        "es_exitosa": false,
        "procede_a_compromiso": false,
        "fecha_interaccion": "2026-04-17T03:07:47Z",
        "fecha_actualizacion": "2026-06-09T21:22:03.387Z",
        "tipo_comunicacion": "Saliente",
        "mensaje_id": "177639526795.18024.17714349057880665824@LAPTOP-1JM621Q7.bbrouter",
        "destacado": false,
        "estado": "Finalizada",
        "modalidad": null,
        "asunto": null,
        "fecha_reunion": null,
        "hora_reunion": null,
        "direccion": null,
        "enlace_reunion": null,
        "parent": null,
        "historial_cambios": "[09/06/2026 16:22] Sincronizada automáticamente vía IMAP (Saliente)",
        "canal_comunicacion": 2,
        "duracion_minutos": 1,
        "temperatura_emocional": 3
    }
},
{
    "model": "core.interaccion",
    "pk": 63,
    "fields": {
        "contacto": 3,
        "usuario_responsable": 2,
        "tipo_interaccion": 2,
        "detalle_actividad": "interacción suelta. Asunto: Propuesta de renovación.\n\nMe comunico con usted para darle a conocer nuestros nuevos términos y nuestro interés en seguir teniendo negocios con ustedes.\r\n",
        "es_exitosa": false,
        "procede_a_compromiso": false,
        "fecha_interaccion": "2026-04-26T23:54:29Z",
        "fecha_actualizacion": "2026-06-09T21:22:03.613Z",
        "tipo_comunicacion": "Saliente",
        "mensaje_id": "177724766989.10456.17320409206479673736@LAPTOP-1JM621Q7.bbrouter",
        "destacado": false,
        "estado": "Finalizada",
        "modalidad": null,
        "asunto": null,
        "fecha_reunion": null,
        "hora_reunion": null,
        "direccion": null,
        "enlace_reunion": null,
        "parent": null,
        "historial_cambios": "[09/06/2026 16:22] Sincronizada automáticamente vía IMAP (Saliente)",
        "canal_comunicacion": 2,
        "duracion_minutos": 1,
        "temperatura_emocional": 3
    }
},
{
    "model": "core.interaccion",
    "pk": 64,
    "fields": {
        "contacto": 3,
        "usuario_responsable": 2,
        "tipo_interaccion": 2,
        "detalle_actividad": "interacción suelta. Asunto: Propuesta de renovación.\n\nMe comunico con usted para darle a conocer nuestros nuevos términos y nuestro interés en seguir teniendo negocios con ustedes.\r\n",
        "es_exitosa": false,
        "procede_a_compromiso": false,
        "fecha_interaccion": "2026-04-26T23:54:31Z",
        "fecha_actualizacion": "2026-06-09T21:22:03.809Z",
        "tipo_comunicacion": "Saliente",
        "mensaje_id": "177724767130.10456.3784514736295939185@LAPTOP-1JM621Q7.bbrouter",
        "destacado": false,
        "estado": "Finalizada",
        "modalidad": null,
        "asunto": null,
        "fecha_reunion": null,
        "hora_reunion": null,
        "direccion": null,
        "enlace_reunion": null,
        "parent": null,
        "historial_cambios": "[09/06/2026 16:22] Sincronizada automáticamente vía IMAP (Saliente)",
        "canal_comunicacion": 2,
        "duracion_minutos": 1,
        "temperatura_emocional": 3
    }
},
{
    "model": "core.interaccion",
    "pk": 65,
    "fields": {
        "contacto": 3,
        "usuario_responsable": 2,
        "tipo_interaccion": 2,
        "detalle_actividad": "interacción suelta. Asunto: Propuesta de renovación.\n\nMe comunico con usted para darle a conocer nuestros nuevos términos y nuestro interés en seguir teniendo negocios con ustedes.\r\n",
        "es_exitosa": false,
        "procede_a_compromiso": false,
        "fecha_interaccion": "2026-04-26T23:54:32Z",
        "fecha_actualizacion": "2026-06-09T21:22:04.058Z",
        "tipo_comunicacion": "Saliente",
        "mensaje_id": "177724767235.10456.5320331746710403630@LAPTOP-1JM621Q7.bbrouter",
        "destacado": false,
        "estado": "Finalizada",
        "modalidad": null,
        "asunto": null,
        "fecha_reunion": null,
        "hora_reunion": null,
        "direccion": null,
        "enlace_reunion": null,
        "parent": null,
        "historial_cambios": "[09/06/2026 16:22] Sincronizada automáticamente vía IMAP (Saliente)",
        "canal_comunicacion": 2,
        "duracion_minutos": 1,
        "temperatura_emocional": 3
    }
},
{
    "model": "core.interaccion",
    "pk": 66,
    "fields": {
        "contacto": 3,
        "usuario_responsable": 2,
        "tipo_interaccion": 2,
        "detalle_actividad": "interacción suelta. Asunto: Propuesta de renovación.\n\nMe comunico con usted para darle a conocer nuestros nuevos términos y nuestro interés en seguir teniendo negocios con ustedes.\r\n",
        "es_exitosa": false,
        "procede_a_compromiso": false,
        "fecha_interaccion": "2026-04-26T23:54:34Z",
        "fecha_actualizacion": "2026-06-09T21:22:04.257Z",
        "tipo_comunicacion": "Saliente",
        "mensaje_id": "177724767445.10456.9875998195990912166@LAPTOP-1JM621Q7.bbrouter",
        "destacado": false,
        "estado": "Finalizada",
        "modalidad": null,
        "asunto": null,
        "fecha_reunion": null,
        "hora_reunion": null,
        "direccion": null,
        "enlace_reunion": null,
        "parent": null,
        "historial_cambios": "[09/06/2026 16:22] Sincronizada automáticamente vía IMAP (Saliente)",
        "canal_comunicacion": 2,
        "duracion_minutos": 1,
        "temperatura_emocional": 3
    }
},
{
    "model": "core.interaccion",
    "pk": 67,
    "fields": {
        "contacto": 3,
        "usuario_responsable": 2,
        "tipo_interaccion": 2,
        "detalle_actividad": "interacción suelta. Asunto: Propuesta de renovación.\n\nMe comunico con usted para darle a conocer nuestros nuevos términos y nuestro interés en seguir teniendo negocios con ustedes.\r\n",
        "es_exitosa": false,
        "procede_a_compromiso": false,
        "fecha_interaccion": "2026-04-26T23:54:34Z",
        "fecha_actualizacion": "2026-06-09T21:22:04.469Z",
        "tipo_comunicacion": "Saliente",
        "mensaje_id": "177724767413.10456.14867783469302121826@LAPTOP-1JM621Q7.bbrouter",
        "destacado": false,
        "estado": "Finalizada",
        "modalidad": null,
        "asunto": null,
        "fecha_reunion": null,
        "hora_reunion": null,
        "direccion": null,
        "enlace_reunion": null,
        "parent": null,
        "historial_cambios": "[09/06/2026 16:22] Sincronizada automáticamente vía IMAP (Saliente)",
        "canal_comunicacion": 2,
        "duracion_minutos": 1,
        "temperatura_emocional": 3
    }
},
{
    "model": "core.interaccion",
    "pk": 68,
    "fields": {
        "contacto": 3,
        "usuario_responsable": 2,
        "tipo_interaccion": 2,
        "detalle_actividad": "interacción suelta. Asunto: Propuesta de renovación.\n\nMe comunico con usted para darle a conocer nuestros nuevos términos y nuestro interés en seguir teniendo negocios con ustedes.\r\n",
        "es_exitosa": false,
        "procede_a_compromiso": false,
        "fecha_interaccion": "2026-04-26T23:54:34Z",
        "fecha_actualizacion": "2026-06-09T21:22:04.667Z",
        "tipo_comunicacion": "Saliente",
        "mensaje_id": "177724767461.10456.7794648225199098446@LAPTOP-1JM621Q7.bbrouter",
        "destacado": false,
        "estado": "Finalizada",
        "modalidad": null,
        "asunto": null,
        "fecha_reunion": null,
        "hora_reunion": null,
        "direccion": null,
        "enlace_reunion": null,
        "parent": null,
        "historial_cambios": "[09/06/2026 16:22] Sincronizada automáticamente vía IMAP (Saliente)",
        "canal_comunicacion": 2,
        "duracion_minutos": 1,
        "temperatura_emocional": 3
    }
},
{
    "model": "core.interaccion",
    "pk": 69,
    "fields": {
        "contacto": 3,
        "usuario_responsable": 2,
        "tipo_interaccion": 2,
        "detalle_actividad": "interacción suelta. Asunto: Propuesta de renovación.\n\nMe comunico con usted para darle a conocer nuestros nuevos términos y nuestro interés en seguir teniendo negocios con ustedes.\r\n",
        "es_exitosa": false,
        "procede_a_compromiso": false,
        "fecha_interaccion": "2026-04-26T23:54:34Z",
        "fecha_actualizacion": "2026-06-09T21:22:04.865Z",
        "tipo_comunicacion": "Saliente",
        "mensaje_id": "177724767487.10456.5059939905909517816@LAPTOP-1JM621Q7.bbrouter",
        "destacado": false,
        "estado": "Finalizada",
        "modalidad": null,
        "asunto": null,
        "fecha_reunion": null,
        "hora_reunion": null,
        "direccion": null,
        "enlace_reunion": null,
        "parent": null,
        "historial_cambios": "[09/06/2026 16:22] Sincronizada automáticamente vía IMAP (Saliente)",
        "canal_comunicacion": 2,
        "duracion_minutos": 1,
        "temperatura_emocional": 3
    }
},
{
    "model": "core.interaccion",
    "pk": 70,
    "fields": {
        "contacto": 3,
        "usuario_responsable": 2,
        "tipo_interaccion": 2,
        "detalle_actividad": "interacción suelta. Asunto: Propuesta de renovación.\n\nMe comunico con usted para darle a conocer nuestros nuevos términos y nuestro interés en seguir teniendo negocios con ustedes.\r\n",
        "es_exitosa": false,
        "procede_a_compromiso": false,
        "fecha_interaccion": "2026-04-26T23:54:34Z",
        "fecha_actualizacion": "2026-06-09T21:22:05.083Z",
        "tipo_comunicacion": "Saliente",
        "mensaje_id": "177724767489.10456.4023980367729600745@LAPTOP-1JM621Q7.bbrouter",
        "destacado": false,
        "estado": "Finalizada",
        "modalidad": null,
        "asunto": null,
        "fecha_reunion": null,
        "hora_reunion": null,
        "direccion": null,
        "enlace_reunion": null,
        "parent": null,
        "historial_cambios": "[09/06/2026 16:22] Sincronizada automáticamente vía IMAP (Saliente)",
        "canal_comunicacion": 2,
        "duracion_minutos": 1,
        "temperatura_emocional": 3
    }
},
{
    "model": "core.interaccion",
    "pk": 71,
    "fields": {
        "contacto": 3,
        "usuario_responsable": 2,
        "tipo_interaccion": 2,
        "detalle_actividad": "interacción suelta. Asunto: Propuesta de renovación.\n\nMe comunico con usted para darle a conocer nuestros nuevos términos y nuestro interés en seguir teniendo negocios con ustedes.\r\n",
        "es_exitosa": false,
        "procede_a_compromiso": false,
        "fecha_interaccion": "2026-04-26T23:54:35Z",
        "fecha_actualizacion": "2026-06-09T21:22:05.546Z",
        "tipo_comunicacion": "Saliente",
        "mensaje_id": "177724767506.10456.3246230862915763335@LAPTOP-1JM621Q7.bbrouter",
        "destacado": false,
        "estado": "Finalizada",
        "modalidad": null,
        "asunto": null,
        "fecha_reunion": null,
        "hora_reunion": null,
        "direccion": null,
        "enlace_reunion": null,
        "parent": null,
        "historial_cambios": "[09/06/2026 16:22] Sincronizada automáticamente vía IMAP (Saliente)",
        "canal_comunicacion": 2,
        "duracion_minutos": 1,
        "temperatura_emocional": 3
    }
},
{
    "model": "core.interaccion",
    "pk": 72,
    "fields": {
        "contacto": 3,
        "usuario_responsable": 2,
        "tipo_interaccion": 2,
        "detalle_actividad": "interacción suelta. Asunto: Propuesta de renovación.\n\nMe comunico con usted para darle a conocer nuestros nuevos términos y nuestro interés en seguir teniendo negocios con ustedes.\r\n",
        "es_exitosa": false,
        "procede_a_compromiso": false,
        "fecha_interaccion": "2026-04-26T23:54:35Z",
        "fecha_actualizacion": "2026-06-09T21:22:06.007Z",
        "tipo_comunicacion": "Saliente",
        "mensaje_id": "177724767530.10456.16970996745617594563@LAPTOP-1JM621Q7.bbrouter",
        "destacado": false,
        "estado": "Finalizada",
        "modalidad": null,
        "asunto": null,
        "fecha_reunion": null,
        "hora_reunion": null,
        "direccion": null,
        "enlace_reunion": null,
        "parent": null,
        "historial_cambios": "[09/06/2026 16:22] Sincronizada automáticamente vía IMAP (Saliente)",
        "canal_comunicacion": 2,
        "duracion_minutos": 1,
        "temperatura_emocional": 3
    }
},
{
    "model": "core.interaccion",
    "pk": 73,
    "fields": {
        "contacto": 3,
        "usuario_responsable": 2,
        "tipo_interaccion": 2,
        "detalle_actividad": "interacción suelta. Asunto: Propuesta de renovación.\n\nMe comunico con usted para darle a conocer nuestros nuevos términos y nuestro interés en seguir teniendo negocios con ustedes.\r\n",
        "es_exitosa": false,
        "procede_a_compromiso": false,
        "fecha_interaccion": "2026-04-26T23:54:35Z",
        "fecha_actualizacion": "2026-06-09T21:22:06.391Z",
        "tipo_comunicacion": "Saliente",
        "mensaje_id": "177724767545.10456.6157512769599028519@LAPTOP-1JM621Q7.bbrouter",
        "destacado": false,
        "estado": "Finalizada",
        "modalidad": null,
        "asunto": null,
        "fecha_reunion": null,
        "hora_reunion": null,
        "direccion": null,
        "enlace_reunion": null,
        "parent": null,
        "historial_cambios": "[09/06/2026 16:22] Sincronizada automáticamente vía IMAP (Saliente)",
        "canal_comunicacion": 2,
        "duracion_minutos": 1,
        "temperatura_emocional": 3
    }
},
{
    "model": "core.interaccion",
    "pk": 74,
    "fields": {
        "contacto": 3,
        "usuario_responsable": 2,
        "tipo_interaccion": 2,
        "detalle_actividad": "interacción suelta. Asunto: Propuesta de renovación.\n\nMe comunico con usted para darle a conocer nuestros nuevos términos y nuestro interés en seguir teniendo negocios con ustedes.\r\n",
        "es_exitosa": false,
        "procede_a_compromiso": false,
        "fecha_interaccion": "2026-04-26T23:54:35Z",
        "fecha_actualizacion": "2026-06-09T21:22:06.602Z",
        "tipo_comunicacion": "Saliente",
        "mensaje_id": "177724767579.10456.1383246372368212166@LAPTOP-1JM621Q7.bbrouter",
        "destacado": false,
        "estado": "Finalizada",
        "modalidad": null,
        "asunto": null,
        "fecha_reunion": null,
        "hora_reunion": null,
        "direccion": null,
        "enlace_reunion": null,
        "parent": null,
        "historial_cambios": "[09/06/2026 16:22] Sincronizada automáticamente vía IMAP (Saliente)",
        "canal_comunicacion": 2,
        "duracion_minutos": 1,
        "temperatura_emocional": 3
    }
},
{
    "model": "core.interaccion",
    "pk": 75,
    "fields": {
        "contacto": 3,
        "usuario_responsable": 2,
        "tipo_interaccion": 2,
        "detalle_actividad": "interacción suelta. Asunto: Propuesta de renovación.\n\nMe comunico con usted para darle a conocer nuestros nuevos términos y nuestro interés en seguir teniendo negocios con ustedes.\r\n",
        "es_exitosa": false,
        "procede_a_compromiso": false,
        "fecha_interaccion": "2026-04-26T23:54:36Z",
        "fecha_actualizacion": "2026-06-09T21:22:06.940Z",
        "tipo_comunicacion": "Saliente",
        "mensaje_id": "177724767624.10456.4962689738374469824@LAPTOP-1JM621Q7.bbrouter",
        "destacado": false,
        "estado": "Finalizada",
        "modalidad": null,
        "asunto": null,
        "fecha_reunion": null,
        "hora_reunion": null,
        "direccion": null,
        "enlace_reunion": null,
        "parent": null,
        "historial_cambios": "[09/06/2026 16:22] Sincronizada automáticamente vía IMAP (Saliente)",
        "canal_comunicacion": 2,
        "duracion_minutos": 1,
        "temperatura_emocional": 3
    }
},
{
    "model": "core.interaccion",
    "pk": 76,
    "fields": {
        "contacto": 3,
        "usuario_responsable": 2,
        "tipo_interaccion": 2,
        "detalle_actividad": "interacción suelta. Asunto: Propuesta de renovación.\n\nMe comunico con usted para darle a conocer nuestros nuevos términos y nuestro interés en seguir teniendo negocios con ustedes.\r\n",
        "es_exitosa": false,
        "procede_a_compromiso": false,
        "fecha_interaccion": "2026-04-26T23:54:35Z",
        "fecha_actualizacion": "2026-06-09T21:22:07.306Z",
        "tipo_comunicacion": "Saliente",
        "mensaje_id": "177724767563.10456.722913958101513443@LAPTOP-1JM621Q7.bbrouter",
        "destacado": false,
        "estado": "Finalizada",
        "modalidad": null,
        "asunto": null,
        "fecha_reunion": null,
        "hora_reunion": null,
        "direccion": null,
        "enlace_reunion": null,
        "parent": null,
        "historial_cambios": "[09/06/2026 16:22] Sincronizada automáticamente vía IMAP (Saliente)",
        "canal_comunicacion": 2,
        "duracion_minutos": 1,
        "temperatura_emocional": 3
    }
},
{
    "model": "core.interaccion",
    "pk": 77,
    "fields": {
        "contacto": 3,
        "usuario_responsable": 2,
        "tipo_interaccion": 2,
        "detalle_actividad": "interacción suelta. Asunto: Propuesta de renovación.\n\nMe comunico con usted para darle a conocer nuestros nuevos términos y nuestro interés en seguir teniendo negocios con ustedes.\r\n",
        "es_exitosa": false,
        "procede_a_compromiso": false,
        "fecha_interaccion": "2026-04-26T23:54:36Z",
        "fecha_actualizacion": "2026-06-09T21:22:07.518Z",
        "tipo_comunicacion": "Saliente",
        "mensaje_id": "177724767601.10456.13557742261091132212@LAPTOP-1JM621Q7.bbrouter",
        "destacado": false,
        "estado": "Finalizada",
        "modalidad": null,
        "asunto": null,
        "fecha_reunion": null,
        "hora_reunion": null,
        "direccion": null,
        "enlace_reunion": null,
        "parent": null,
        "historial_cambios": "[09/06/2026 16:22] Sincronizada automáticamente vía IMAP (Saliente)",
        "canal_comunicacion": 2,
        "duracion_minutos": 1,
        "temperatura_emocional": 3
    }
},
{
    "model": "core.interaccion",
    "pk": 78,
    "fields": {
        "contacto": 3,
        "usuario_responsable": 2,
        "tipo_interaccion": 2,
        "detalle_actividad": "interacción suelta. Asunto: Propuesta de renovación.\n\nMe comunico con usted para darle a conocer nuestros nuevos términos y nuestro interés en seguir teniendo negocios con ustedes.\r\n",
        "es_exitosa": false,
        "procede_a_compromiso": false,
        "fecha_interaccion": "2026-04-26T23:54:36Z",
        "fecha_actualizacion": "2026-06-09T21:22:07.745Z",
        "tipo_comunicacion": "Saliente",
        "mensaje_id": "177724767631.10456.9906234372264530682@LAPTOP-1JM621Q7.bbrouter",
        "destacado": false,
        "estado": "Finalizada",
        "modalidad": null,
        "asunto": null,
        "fecha_reunion": null,
        "hora_reunion": null,
        "direccion": null,
        "enlace_reunion": null,
        "parent": null,
        "historial_cambios": "[09/06/2026 16:22] Sincronizada automáticamente vía IMAP (Saliente)",
        "canal_comunicacion": 2,
        "duracion_minutos": 1,
        "temperatura_emocional": 3
    }
},
{
    "model": "core.interaccion",
    "pk": 79,
    "fields": {
        "contacto": 3,
        "usuario_responsable": 2,
        "tipo_interaccion": 2,
        "detalle_actividad": "interacción suelta. Asunto: contrato de arrendamiento.\n\nDar a conocer al cliente las diferentes opciones de arrendamiento que tenemos disponible y que se adaptan a sus necesidades.\r\n",
        "es_exitosa": false,
        "procede_a_compromiso": false,
        "fecha_interaccion": "2026-05-05T23:44:57Z",
        "fecha_actualizacion": "2026-06-09T21:22:08.052Z",
        "tipo_comunicacion": "Saliente",
        "mensaje_id": "177802469758.3804.11966892507629581183@LAPTOP-1JM621Q7.bbrouter",
        "destacado": false,
        "estado": "Finalizada",
        "modalidad": null,
        "asunto": null,
        "fecha_reunion": null,
        "hora_reunion": null,
        "direccion": null,
        "enlace_reunion": null,
        "parent": null,
        "historial_cambios": "[09/06/2026 16:22] Sincronizada automáticamente vía IMAP (Saliente)",
        "canal_comunicacion": 2,
        "duracion_minutos": 1,
        "temperatura_emocional": 3
    }
},
{
    "model": "core.interaccion",
    "pk": 80,
    "fields": {
        "contacto": 1,
        "usuario_responsable": 2,
        "tipo_interaccion": 2,
        "detalle_actividad": "interacción suelta. Asunto: Re: aclarar el proyecto\n\nQ quiere\r\n\r\nEl mar, 9 de jun de 2026, 12:54 p.m., <dsolutions918@gmail.com> escribió:\r\n\r\n> holaaaaaaaaa\r\n>\r\n",
        "es_exitosa": false,
        "procede_a_compromiso": false,
        "fecha_interaccion": "2026-06-09T17:55:09Z",
        "fecha_actualizacion": "2026-06-10T00:08:06.852Z",
        "tipo_comunicacion": "Entrante",
        "mensaje_id": "CALFY_McfBy-_Ev13Hb95xF5fbkVbpTDKYX_P9hK2tmyJ54ssiw@mail.gmail.com",
        "destacado": false,
        "estado": "Finalizada",
        "modalidad": null,
        "asunto": null,
        "fecha_reunion": null,
        "hora_reunion": null,
        "direccion": null,
        "enlace_reunion": null,
        "parent": null,
        "historial_cambios": "[09/06/2026 19:08] Sincronizada automáticamente vía IMAP (Entrante)",
        "canal_comunicacion": 2,
        "duracion_minutos": 1,
        "temperatura_emocional": 3
    }
},
{
    "model": "core.interaccion",
    "pk": 81,
    "fields": {
        "contacto": 1,
        "usuario_responsable": 2,
        "tipo_interaccion": 2,
        "detalle_actividad": "interacción suelta. Asunto: Bienvenido al CRM - Código de Verificación\n\nHola maria,\r\n\r\nTu código para activar tu cuenta es: 271396\r\n\r\nIntroduce este código en la web para terminar tu registro.\r\n",
        "es_exitosa": false,
        "procede_a_compromiso": false,
        "fecha_interaccion": "2026-04-13T00:58:24Z",
        "fecha_actualizacion": "2026-06-10T00:08:08.534Z",
        "tipo_comunicacion": "Saliente",
        "mensaje_id": "177604190462.10552.15403321283629698579@Pau",
        "destacado": false,
        "estado": "Finalizada",
        "modalidad": null,
        "asunto": null,
        "fecha_reunion": null,
        "hora_reunion": null,
        "direccion": null,
        "enlace_reunion": null,
        "parent": null,
        "historial_cambios": "[09/06/2026 19:08] Sincronizada automáticamente vía IMAP (Saliente)",
        "canal_comunicacion": 2,
        "duracion_minutos": 1,
        "temperatura_emocional": 3
    }
},
{
    "model": "core.interaccion",
    "pk": 82,
    "fields": {
        "contacto": 1,
        "usuario_responsable": 2,
        "tipo_interaccion": 2,
        "detalle_actividad": "interacción suelta. Asunto: Código de Recuperación - Constructora Dyco\n\nHola paula,\r\n\r\nTu código de recuperación de contraseña es: 394008\r\n\r\nIntroduce este código en la ventana de recuperación para continuar.\r\n",
        "es_exitosa": false,
        "procede_a_compromiso": false,
        "fecha_interaccion": "2026-04-21T17:53:35Z",
        "fecha_actualizacion": "2026-06-10T00:08:09.059Z",
        "tipo_comunicacion": "Saliente",
        "mensaje_id": "177679401549.13048.1392965142789127273@Pau",
        "destacado": false,
        "estado": "Finalizada",
        "modalidad": null,
        "asunto": null,
        "fecha_reunion": null,
        "hora_reunion": null,
        "direccion": null,
        "enlace_reunion": null,
        "parent": null,
        "historial_cambios": "[09/06/2026 19:08] Sincronizada automáticamente vía IMAP (Saliente)",
        "canal_comunicacion": 2,
        "duracion_minutos": 1,
        "temperatura_emocional": 3
    }
},
{
    "model": "core.interaccion",
    "pk": 83,
    "fields": {
        "contacto": 1,
        "usuario_responsable": 2,
        "tipo_interaccion": 2,
        "detalle_actividad": "interacción suelta. Asunto: Código de Recuperación - Constructora Dyco\n\nHola paula,\r\n\r\nTu código de recuperación de contraseña es: 206613\r\n\r\nIntroduce este código en la ventana de recuperación para continuar.\r\n",
        "es_exitosa": false,
        "procede_a_compromiso": false,
        "fecha_interaccion": "2026-04-22T19:11:00Z",
        "fecha_actualizacion": "2026-06-10T00:08:09.533Z",
        "tipo_comunicacion": "Saliente",
        "mensaje_id": "177688506054.21244.1684314593010735417@Pau",
        "destacado": false,
        "estado": "Finalizada",
        "modalidad": null,
        "asunto": null,
        "fecha_reunion": null,
        "hora_reunion": null,
        "direccion": null,
        "enlace_reunion": null,
        "parent": null,
        "historial_cambios": "[09/06/2026 19:08] Sincronizada automáticamente vía IMAP (Saliente)",
        "canal_comunicacion": 2,
        "duracion_minutos": 1,
        "temperatura_emocional": 3
    }
},
{
    "model": "core.interaccion",
    "pk": 84,
    "fields": {
        "contacto": 1,
        "usuario_responsable": 2,
        "tipo_interaccion": 2,
        "detalle_actividad": "interacción suelta. Asunto: Código de Recuperación - Constructora Dyco\n\nHola paula,\r\n\r\nTu código de recuperación de contraseña es: 526587\r\n\r\nIntroduce este código en la ventana de recuperación para continuar.\r\n",
        "es_exitosa": false,
        "procede_a_compromiso": false,
        "fecha_interaccion": "2026-05-12T22:09:31Z",
        "fecha_actualizacion": "2026-06-10T00:08:09.763Z",
        "tipo_comunicacion": "Saliente",
        "mensaje_id": "177862377110.19092.992984097278544012@Pau",
        "destacado": false,
        "estado": "Finalizada",
        "modalidad": null,
        "asunto": null,
        "fecha_reunion": null,
        "hora_reunion": null,
        "direccion": null,
        "enlace_reunion": null,
        "parent": null,
        "historial_cambios": "[09/06/2026 19:08] Sincronizada automáticamente vía IMAP (Saliente)",
        "canal_comunicacion": 2,
        "duracion_minutos": 1,
        "temperatura_emocional": 3
    }
},
{
    "model": "core.interaccion",
    "pk": 85,
    "fields": {
        "contacto": 1,
        "usuario_responsable": 2,
        "tipo_interaccion": 2,
        "detalle_actividad": "interacción suelta. Asunto: Verifica tu cuenta (reenvío) - CRM\n\nHola Paula,\r\n\r\nTu nuevo código de verificación es: 192328\r\n\r\nIntroduce este código en la web para activar tu cuenta.\r\n",
        "es_exitosa": false,
        "procede_a_compromiso": false,
        "fecha_interaccion": "2026-06-03T18:47:31Z",
        "fecha_actualizacion": "2026-06-10T00:08:10.163Z",
        "tipo_comunicacion": "Saliente",
        "mensaje_id": "178051245124.22228.17290508263322130628@Pau",
        "destacado": false,
        "estado": "Finalizada",
        "modalidad": null,
        "asunto": null,
        "fecha_reunion": null,
        "hora_reunion": null,
        "direccion": null,
        "enlace_reunion": null,
        "parent": null,
        "historial_cambios": "[09/06/2026 19:08] Sincronizada automáticamente vía IMAP (Saliente)",
        "canal_comunicacion": 2,
        "duracion_minutos": 1,
        "temperatura_emocional": 3
    }
},
{
    "model": "core.interaccion",
    "pk": 86,
    "fields": {
        "contacto": 1,
        "usuario_responsable": 2,
        "tipo_interaccion": 2,
        "detalle_actividad": "interacción suelta. Asunto: aclarar el proyecto\n\nholaaaaaaaaa\r\n",
        "es_exitosa": false,
        "procede_a_compromiso": false,
        "fecha_interaccion": "2026-06-09T22:54:31Z",
        "fecha_actualizacion": "2026-06-10T00:08:10.933Z",
        "tipo_comunicacion": "Saliente",
        "mensaje_id": "178102767137.11036.13799005139305253393@DESKTOP-0LBHO1H",
        "destacado": false,
        "estado": "Finalizada",
        "modalidad": null,
        "asunto": null,
        "fecha_reunion": null,
        "hora_reunion": null,
        "direccion": null,
        "enlace_reunion": null,
        "parent": null,
        "historial_cambios": "[09/06/2026 19:08] Sincronizada automáticamente vía IMAP (Saliente)",
        "canal_comunicacion": 2,
        "duracion_minutos": 1,
        "temperatura_emocional": 3
    }
},
{
    "model": "core.interaccion",
    "pk": 87,
    "fields": {
        "contacto": 1,
        "usuario_responsable": 2,
        "tipo_interaccion": 2,
        "detalle_actividad": "interacción suelta. Asunto: Código de Recuperación - Constructora Dyco\n\nHola paula,\r\n\r\nTu código de recuperación de contraseña es: 586308\r\n\r\nIntroduce este código en la ventana de recuperación para continuar.\r\n",
        "es_exitosa": false,
        "procede_a_compromiso": false,
        "fecha_interaccion": "2026-06-09T19:11:27Z",
        "fecha_actualizacion": "2026-06-10T00:08:11.299Z",
        "tipo_comunicacion": "Saliente",
        "mensaje_id": "178103228754.8536.12117236121436131601@Pau",
        "destacado": false,
        "estado": "Finalizada",
        "modalidad": null,
        "asunto": null,
        "fecha_reunion": null,
        "hora_reunion": null,
        "direccion": null,
        "enlace_reunion": null,
        "parent": null,
        "historial_cambios": "[09/06/2026 19:08] Sincronizada automáticamente vía IMAP (Saliente)",
        "canal_comunicacion": 2,
        "duracion_minutos": 1,
        "temperatura_emocional": 3
    }
},
{
    "model": "core.interaccion",
    "pk": 88,
    "fields": {
        "contacto": 1,
        "usuario_responsable": 2,
        "tipo_interaccion": 2,
        "detalle_actividad": "interacción suelta. Asunto: Código de Recuperación - Constructora Dyco\n\nHola paula,\r\n\r\nTu código de recuperación de contraseña es: 951667\r\n\r\nIntroduce este código en la ventana de recuperación para continuar.\r\n",
        "es_exitosa": false,
        "procede_a_compromiso": false,
        "fecha_interaccion": "2026-06-09T19:19:00Z",
        "fecha_actualizacion": "2026-06-10T00:08:11.551Z",
        "tipo_comunicacion": "Saliente",
        "mensaje_id": "178103274062.8632.6965082249769602791@Pau",
        "destacado": false,
        "estado": "Finalizada",
        "modalidad": null,
        "asunto": null,
        "fecha_reunion": null,
        "hora_reunion": null,
        "direccion": null,
        "enlace_reunion": null,
        "parent": null,
        "historial_cambios": "[09/06/2026 19:08] Sincronizada automáticamente vía IMAP (Saliente)",
        "canal_comunicacion": 2,
        "duracion_minutos": 1,
        "temperatura_emocional": 3
    }
}
]
